<?xml version="1.0" encoding="UTF-8" standalone="yes"?>
<addon id="plugin.video.thewolfwizard" name="thewolfwizard" version="1.0.1" provider-name="Nick Nack">
  <requires>
    <import addon="xbmc.python" version="2.1.0"/>
  </requires>
  <extension point="xbmc.python.pluginsource" library="default.py">
        <provides>video executable</provides>
  </extension>
  <extension point="xbmc.addon.metadata">
    <summary lang="en">The Wolf Wizard</summary>
    <description lang="en">Easy Install With KODI / XBMC Wizard / ##The Wolf##
##The Wolf##</description>
    <platform>all</platform>
  </extension>
</addon>
